<?xml version="1.0" encoding="UTF-8" standalone="yes"?>  <DATAPACKET Version="2.0"><METADATA><FIELDS><FIELD attrname="patient_id" fieldtype="string" WIDTH="12"/><FIELD attrname="times" fieldtype="i4"/><FIELD attrname="name" fieldtype="string" WIDTH="32"/><FIELD attrname="sex" fieldtype="string" WIDTH="1"/><FIELD attrname="birthday" fieldtype="dateTime"/><FIELD attrname="age" fieldtype="r8"/><FIELD attrname="response_type" fieldtype="string" WIDTH="2"/><FIELD attrname="contract_code" fieldtype="string" WIDTH="6"/><FIELD attrname="occupation_type" fieldtype="string" WIDTH="4"/><FIELD attrname="charge_type" fieldtype="string" WIDTH="2"/><FIELD attrname="haoming_code" fieldtype="string" WIDTH="2"/><FIELD attrname="code" fieldtype="string" WIDTH="20"/><FIELD attrname="visit_dept" fieldtype="string" WIDTH="7"/><FIELD attrname="doctor_code" fieldtype="string" WIDTH="5"/><FIELD attrname="visit_date" fieldtype="dateTime"/><FIELD attrname="social_no" fieldtype="string" WIDTH="18"/><FIELD attrname="real_haoming_code" fieldtype="string" WIDTH="2"/><FIELD attrname="home_district" fieldtype="string" WIDTH="50"/><FIELD attrname="home_street" fieldtype="string" WIDTH="50"/><FIELD attrname="hic_no" fieldtype="string" WIDTH="20"/><FIELD attrname="addition_no1" fieldtype="string" WIDTH="20"/><FIELD attrname="home_tel" fieldtype="string" WIDTH="16"/><FIELD attrname="relation_name" fieldtype="string" WIDTH="32"/><FIELD attrname="relation_code" fieldtype="string" WIDTH="2"/><FIELD attrname="relation_tel" fieldtype="string" WIDTH="18"/><FIELD attrname="real_times" fieldtype="i4"/><FIELD attrname="p_bar_code" fieldtype="string" WIDTH="20"/><FIELD attrname="black_flag" fieldtype="string" WIDTH="1"/><FIELD attrname="max_receipt_sn" fieldtype="i2"/><FIELD attrname="inpatient_no" fieldtype="string" WIDTH="12"/><FIELD attrname="outpatient_no" fieldtype="string" WIDTH="64"/><FIELD attrname="marry_code" fieldtype="string" WIDTH="1"/><FIELD attrname="insurl_code" fieldtype="string" WIDTH="6"/><FIELD attrname="school" fieldtype="string" WIDTH="100"/><FIELD attrname="class" fieldtype="string" WIDTH="100"/><FIELD attrname="card_no" fieldtype="string" WIDTH="20"/><FIELD attrname="ic_no" fieldtype="string" WIDTH="20"/><FIELD attrname="id_no" fieldtype="string" WIDTH="18"/><FIELD attrname="personname" fieldtype="string" WIDTH="20"/><FIELD attrname="fromhosp" fieldtype="string" WIDTH="8"/><FIELD attrname="fromhospdate" fieldtype="dateTime"/><FIELD attrname="fundtype" fieldtype="string" WIDTH="3"/><FIELD attrname="isyt" fieldtype="i4"/><FIELD attrname="jclevel" fieldtype="i4"/><FIELD attrname="hospflag" fieldtype="i4"/><FIELD attrname="persontype" fieldtype="string" WIDTH="3"/><FIELD attrname="isinredlist" fieldtype="string" WIDTH="5"/><FIELD attrname="isspecifiedhosp" fieldtype="string" WIDTH="1"/><FIELD attrname="ischronichosp" fieldtype="string" WIDTH="5"/><FIELD attrname="personcount" fieldtype="r8" SUBTYPE="Money"/><FIELD attrname="chroniccode" fieldtype="string" WIDTH="50"/><FIELD attrname="balance" fieldtype="r8" SUBTYPE="Money"/><FIELD attrname="yb_card_no" fieldtype="string" WIDTH="20"/><FIELD attrname="union_flag" fieldtype="string" WIDTH="1"/><FIELD attrname="trade_no" fieldtype="string" WIDTH="22"/></FIELDS><PARAMS CHANGE_LOG="1 0 4"/></METADATA><ROWDATA><ROW RowState="4" patient_id="000087489600" times="1" name="何晓俊" sex="1" birthday="19791225" age="37" response_type="93" charge_type="07" haoming_code="09" code="104355534009" visit_dept="" doctor_code="" visit_date="20161004T19:31:58000" social_no="412921197912251613" real_haoming_code="09" home_district="412921" addition_no1="104355534009" home_tel="1" real_times="1" p_bar_code="104355534" black_flag="a" max_receipt_sn="0" insurl_code="BJFZZB" card_no="104355534009" ic_no="10435553400S" id_no="412921197912251613" personname="何晓俊" fromhosp="" fromhospdate="18991230" fundtype="3" isyt="0" jclevel="0" hospflag="0" persontype="11" isinredlist="true" isspecifiedhosp="1" personcount="0" chroniccode="" balance="0" yb_card_no="104355534009" union_flag="1"/></ROWDATA></DATAPACKET>