<?xml version="1.0" encoding="UTF-8" standalone="yes"?>  <DATAPACKET Version="2.0"><METADATA><FIELDS><FIELD attrname="patient_id" fieldtype="string" SUBTYPE="FixedChar" WIDTH="12"/><FIELD attrname="times" fieldtype="i2"/><FIELD attrname="ledger_sn" fieldtype="i2"/><FIELD attrname="price_date" fieldtype="dateTime"/><FIELD attrname="price_opera" fieldtype="string" SUBTYPE="FixedChar" WIDTH="5"/><FIELD attrname="mz_dept_no" fieldtype="string" SUBTYPE="FixedChar" WIDTH="1"/><FIELD attrname="report_date" fieldtype="dateTime"/><FIELD attrname="card_no" fieldtype="string" WIDTH="20"/><FIELD attrname="trade_status" fieldtype="string" SUBTYPE="FixedChar" WIDTH="1"/><FIELD attrname="trade_no" fieldtype="string" WIDTH="22"/><FIELD attrname="trade_date" fieldtype="dateTime"/><FIELD attrname="befor_person_count" fieldtype="fixed" DECIMALS="2" WIDTH="18"/><FIELD attrname="fee_no" fieldtype="string" WIDTH="18"/><FIELD attrname="charge_total" fieldtype="fixed" DECIMALS="2" WIDTH="18"/><FIELD attrname="curetype" fieldtype="string" WIDTH="2"/><FIELD attrname="illtype" fieldtype="string" WIDTH="2"/><FIELD attrname="feeall" fieldtype="fixed" DECIMALS="2" WIDTH="18"/><FIELD attrname="fund" fieldtype="fixed" DECIMALS="2" WIDTH="18"/><FIELD attrname="cash" fieldtype="fixed" DECIMALS="2" WIDTH="18"/><FIELD attrname="personcountpay" fieldtype="fixed" DECIMALS="2" WIDTH="18"/><FIELD attrname="personcount" fieldtype="fixed" DECIMALS="4" WIDTH="18"/><FIELD attrname="mzfee" fieldtype="fixed" DECIMALS="2" WIDTH="18"/><FIELD attrname="mzfeein" fieldtype="fixed" DECIMALS="2" WIDTH="18"/><FIELD attrname="mzfeeout" fieldtype="fixed" DECIMALS="2" WIDTH="18"/><FIELD attrname="mzpayfirst" fieldtype="fixed" DECIMALS="2" WIDTH="18"/><FIELD attrname="mzselfpay2" fieldtype="fixed" DECIMALS="2" WIDTH="18"/><FIELD attrname="mzbigpay" fieldtype="fixed" DECIMALS="2" WIDTH="18"/><FIELD attrname="mzbigselfpay" fieldtype="fixed" DECIMALS="2" WIDTH="18"/><FIELD attrname="mzoutofbig" fieldtype="fixed" DECIMALS="2" WIDTH="18"/><FIELD attrname="bcpay" fieldtype="fixed" DECIMALS="2" WIDTH="18"/><FIELD attrname="jcbz" fieldtype="fixed" DECIMALS="2" WIDTH="18"/><FIELD attrname="medicine" fieldtype="fixed" DECIMALS="2" WIDTH="18"/><FIELD attrname="tmedicine" fieldtype="fixed" DECIMALS="2" WIDTH="18"/><FIELD attrname="therb" fieldtype="fixed" DECIMALS="2" WIDTH="18"/><FIELD attrname="labexam" fieldtype="fixed" DECIMALS="2" WIDTH="18"/><FIELD attrname="xray" fieldtype="fixed" DECIMALS="2" WIDTH="18"/><FIELD attrname="ultrasonic" fieldtype="fixed" DECIMALS="2" WIDTH="18"/><FIELD attrname="ct" fieldtype="fixed" DECIMALS="2" WIDTH="18"/><FIELD attrname="mri" fieldtype="fixed" DECIMALS="2" WIDTH="18"/><FIELD attrname="examine" fieldtype="fixed" DECIMALS="2" WIDTH="18"/><FIELD attrname="treatment" fieldtype="fixed" DECIMALS="2" WIDTH="18"/><FIELD attrname="material" fieldtype="fixed" DECIMALS="2" WIDTH="18"/><FIELD attrname="operation" fieldtype="fixed" DECIMALS="2" WIDTH="18"/><FIELD attrname="oxygen" fieldtype="fixed" DECIMALS="2" WIDTH="18"/><FIELD attrname="bloodt" fieldtype="fixed" DECIMALS="2" WIDTH="18"/><FIELD attrname="orthodontics" fieldtype="fixed" DECIMALS="2" WIDTH="18"/><FIELD attrname="prosthesis" fieldtype="fixed" DECIMALS="2" WIDTH="18"/><FIELD attrname="forensic_expertise" fieldtype="fixed" DECIMALS="2" WIDTH="18"/><FIELD attrname="other" fieldtype="fixed" DECIMALS="2" WIDTH="18"/><FIELD attrname="personcountaftersub" fieldtype="fixed" DECIMALS="2" WIDTH="18"/><FIELD attrname="certid" fieldtype="string" WIDTH="20"/><FIELD attrname="sign" fieldtype="string" WIDTH="256"/><FIELD attrname="dz_flag" fieldtype="string" SUBTYPE="FixedChar" WIDTH="1"/><FIELD attrname="subsys_id" fieldtype="string" WIDTH="10"/><FIELD attrname="name" fieldtype="string" WIDTH="32"/><FIELD attrname="sex" fieldtype="string" WIDTH="4"/><FIELD attrname="social_no" fieldtype="string" WIDTH="32"/><FIELD attrname="yb_base" fieldtype="string" WIDTH="64"/><FIELD attrname="person_account" fieldtype="string" WIDTH="64"/><FIELD attrname="fundtype" fieldtype="string" WIDTH="4"/><FIELD attrname="persontype" fieldtype="string" WIDTH="3"/><FIELD attrname="otheropfee" fieldtype="fixed" DECIMALS="2" WIDTH="18"/><FIELD attrname="medicalservice" fieldtype="fixed" DECIMALS="2" WIDTH="18"/><FIELD attrname="register_fee" fieldtype="fixed" DECIMALS="2" WIDTH="18"/><FIELD attrname="commonservice" fieldtype="fixed" DECIMALS="2" WIDTH="18"/><FIELD attrname="registfee" fieldtype="fixed" DECIMALS="2" WIDTH="18"/><FIELD attrname="diagnosis" fieldtype="fixed" DECIMALS="2" WIDTH="18"/><FIELD attrname="OutStr" fieldtype="bin.hex" SUBTYPE="Text"/></FIELDS><PARAMS CHANGE_LOG="3 2 8"/></METADATA><ROWDATA><ROW RowState="37"/><ROW RowState="1" patient_id="000087580800" times="1" ledger_sn="0" mz_dept_no="1" card_no="104355534009" trade_status="1" trade_no="081100140Z161006002334" trade_date="20161006T14:56:07000" befor_person_count="0.00" fee_no="20161006145532" charge_total="12.65" curetype="19" illtype="0" feeall="12.65" fund="0.00" cash="12.65" personcountpay="0.00" personcount="0.0000" mzfee="12.65" mzfeein="12.65" mzfeeout="0.00" mzpayfirst="12.65" mzselfpay2="0.00" mzbigpay="0.00" mzbigselfpay="0.00" mzoutofbig="0.00" bcpay="0.00" jcbz="0.00" medicine="0.00" tmedicine="12.65" therb="0.00" labexam="0.00" xray="0.00" ultrasonic="0.00" ct="0.00" mri="0.00" examine="0.00" treatment="0.00" material="0.00" operation="0.00" oxygen="0.00" bloodt="0.00" orthodontics="0.00" prosthesis="0.00" forensic_expertise="0.00" other="0.00" dz_flag="0" subsys_id="mz" fundtype="3" persontype="11" otheropfee="0.00" medicalservice="0.00" commonservice="0.00" registfee="0.00" diagnosis="0.00"/><ROW RowState="8" patient_id="000087580800" times="1" ledger_sn="0" mz_dept_no="1" card_no="104355534009" trade_status="2" trade_no="081100140Z161006002334" trade_date="20161006T14:56:07000" befor_person_count="0.00" fee_no="20161006145532" charge_total="12.65" curetype="19" illtype="0" feeall="12.65" fund="0.00" cash="12.65" personcountpay="0.00" personcount="0.0000" mzfee="12.65" mzfeein="12.65" mzfeeout="0.00" mzpayfirst="12.65" mzselfpay2="0.00" mzbigpay="0.00" mzbigselfpay="0.00" mzoutofbig="0.00" bcpay="0.00" jcbz="0.00" medicine="0.00" tmedicine="12.65" therb="0.00" labexam="0.00" xray="0.00" ultrasonic="0.00" ct="0.00" mri="0.00" examine="0.00" treatment="0.00" material="0.00" operation="0.00" oxygen="0.00" bloodt="0.00" orthodontics="0.00" prosthesis="0.00" forensic_expertise="0.00" other="0.00" dz_flag="0" subsys_id="mz" fundtype="3" persontype="11" otheropfee="0.00" medicalservice="0.00" commonservice="0.00" registfee="0.00" diagnosis="0.00"/></ROWDATA></DATAPACKET>