<?xml version="1.0" encoding="UTF-8" standalone="yes"?>  <DATAPACKET Version="2.0"><METADATA><FIELDS><FIELD attrname="patient_id" fieldtype="string" SUBTYPE="FixedChar" WIDTH="12"/><FIELD attrname="ledger_sn" fieldtype="i2"/><FIELD attrname="receipt_sn" fieldtype="i4"/><FIELD attrname="bill_code" fieldtype="string" SUBTYPE="FixedChar" WIDTH="3"/><FIELD attrname="charge" fieldtype="fixed" DECIMALS="2" WIDTH="10"/><FIELD attrname="pay_unit" fieldtype="string" SUBTYPE="FixedChar" WIDTH="2"/></FIELDS><PARAMS CHANGE_LOG="1 0 4 2 0 4 3 0 4 4 2 8 5 3 8"/></METADATA><ROWDATA><ROW RowState="4" patient_id="000087580800" ledger_sn="0" receipt_sn="-100" bill_code="009" charge="12.65" pay_unit="01"/><ROW RowState="5" patient_id="000087580800" ledger_sn="0" receipt_sn="-101" bill_code="009" charge="12.65" pay_unit="02"/><ROW RowState="5" patient_id="000087580800" ledger_sn="0" receipt_sn="-102" bill_code="009" charge="12.65" pay_unit="04"/><ROW RowState="12" patient_id="000087580800" ledger_sn="0" receipt_sn="-101" bill_code="009" charge="0.00" pay_unit="02"/><ROW RowState="12" patient_id="000087580800" ledger_sn="0" receipt_sn="-102" bill_code="009" charge="0.00" pay_unit="04"/></ROWDATA></DATAPACKET>